name,PH,address,email
Michael Medina,930-698-3768x78350,"85377 Curtis Cove
New Elizabeth, TX 83276",jessica55@yahoo.com
Patrick Holden,362.957.7945x1352,"6825 Brandi Ranch Suite 120
Lake Ryan, IL 31758",justin91@gmail.com
Jessica Mcpherson,1-978-776-9904x538,"1071 Andrew Lakes Suite 826
West Cynthia, SD 54645-6755",gail28@avery.org
Curtis Bradley,+65(7)8364875602,"96877 Daniel Motorway Suite 302
West Anthony, SD 41033",elizabeth09@stone.org
Kevin Smith,502-759-5888,"5753 Meyer Loaf
North Keith, DC 03531",vwatson@gregory.com
Mrs. Catherine Guzman,1-930-768-2148,"PSC 0941, Box 1795
APO AA 62131-7704",juan49@haas-white.com
Cindy Jones,1-034-884-3638,"44864 Davis Squares Apt. 718
Michaelstad, NM 56116-7941",cjames@williamson.com
Daniel Moon,(723)643-6613x83639,"149 Turner Prairie
South Leslieshire, FL 42712",michael62@perez-frost.org
John Martin,1-538-371-6263,"45858 Wall Glens Apt. 477
Lake James, AL 20386",mary04@roy.org
Katherine Wood,1-243-907-7666x296,"766 Angela Knolls Suite 453
North Crystal, IL 12389-2886",curtisgutierrez@gmail.com
Melissa Hutchinson,(738)895-6910,"06867 Jeremy Mountain
West Christopher, DE 79273",johnstondouglas@warner-davis.biz
Amanda Brown,597.818.2725x5513,"192 Baker Brook
Sweeneyhaven, AK 60240-9187",sarah25@hotmail.com
Travis Jones,1-291-146-6993x05249,"Unit 4853 Box 5567
DPO AP 66597-4659",wcummings@yahoo.com
Linda Mitchell,1-202-779-8340x1236,"565 Laura Dale Apt. 074
Leeton, NC 21615-9565",gsims@hotmail.com
Jason Smith,(397)117-2679x0216,"29215 Phillip Overpass
North Henryport, VI 84775",christopherwoods@smith-montgomery.biz
John Wilkinson,(229)049-5099,"USCGC Mcmillan
FPO AE 79932-3610",adamsdeborah@robinson.info
Jennifer Huber,(875)205-7137x6173,"959 Jonathan Cliff Suite 095
North Christinafort, MN 14668-1805",hallbrian@gmail.com
Eugene Horton,+75(9)4595552375,"228 Vincent Meadows
Lake Lukeberg, KY 56330-8406",carla19@gmail.com
Shane Daugherty,09295469981,"47432 Laura Landing Apt. 134
Whiteborough, PA 65224",doylesamantha@hotmail.com
David Shelton,028.883.4970x74107,"62186 Davis Crescent Apt. 347
New Daniel, TX 00793",pamelaevans@moss.org
Joshua Wright,083.534.6841,"02927 Willis Knolls Suite 271
Davisville, NY 54942-7493",collinschristian@mitchell-hickman.net
Jenna Allen,151-063-3123x153,"551 Tyler Locks
East Derek, UT 51257-7832",herrerakristina@price.net
Judy Glover,01038635781,"66533 Francis Cliffs
Nicoleburgh, LA 24954",xmarshall@yahoo.com
Chris Clark,(973)225-2380x29907,"6964 Sharon Circles Apt. 311
Carrieview, ND 39152",mwalker@small.org
Brian Williams,04247637506,"37714 James Rapid
East Josephton, ME 05487",nguyencharles@nelson-shaw.com
Deborah Richards,840.175.2513x96852,"USCGC Jackson
FPO AA 27294-4356",dudleywendy@hotmail.com
Corey Galloway,565-431-1476x6614,"0277 Jonathan Ports Apt. 792
Paulfurt, MT 19934",oriley@cole.com
Christopher Ryan,485-375-5813x966,"36059 Bowman Lock
Lake Andrew, GU 68211-8242",joshua12@gmail.com
Tammy Jones,986.456.5414x4878,"PSC 9743, Box 7076
APO AA 32587-8269",gwilkinson@hotmail.com
Stacy Tran,1-688-209-5206x398,"66402 Daniel Wells
Pagemouth, OR 93465-5782",vlowe@watson.com
Nathan Bernard,(654)285-6205x79464,"USNV Huerta
FPO AP 31918-0029",rachelperez@lewis-sims.biz
Hannah Potter,1-237-046-9757,"4531 Matthew Road Apt. 040
Carlosport, AS 38785-7207",teresawalker@hotmail.com
Dustin Bryant,1-819-165-1482,"80910 Adams Dam
Chaneyton, AK 17561",john51@gmail.com
Richard Santana,(334)136-7200,"PSC 1776, Box 0657
APO AA 50588-5664",wilsonpatricia@wagner-brady.com
Edward Marks,047.224.9561,"USNS King
FPO AA 88259",tammywade@hotmail.com
Ashley Mcmillan,01380700121,"772 Jacob Rue Apt. 080
Johnchester, AL 72752-3525",david99@donaldson.com
Eric Bradley,08591794766,"79472 Davis Crescent Apt. 666
West Susanchester, CT 33499-1704",amanda19@reed.biz
Mark Mccullough,+47(6)2582653540,"PSC 4978, Box 3747
APO AA 65050",samuellane@smith.com
Joseph Smith,+95(7)4675494702,"9456 Lee Curve Suite 847
Port Taylor, ND 97016",milleramy@daniels.org
Melissa Moreno,+74(8)0644737976,"8446 Cristian Via
Port Janetton, MI 27688-5261",daniel60@mason.com
James Jones,(028)693-3159x24719,"USCGC Blackburn
FPO AE 07351",kellymichael@yahoo.com
Anthony Rodriguez,555.754.4761x1360,"86985 Danielle Fields
Port Brianfort, GU 63962-7004",tinacarter@hotmail.com
Jordan Morrow,663.880.0430,"280 Debbie Track
Lake Deborah, PA 85687",schultzdeanna@gardner.com
Gregory Gibson,920-253-7318x2717,"Unit 8609 Box 9548
DPO AE 59053",kelseyjones@stark-peterson.info
Susan Mckinney,1-147-764-9487x15591,"171 Laura Creek
Cheyennemouth, MA 66954-1037",dcole@nguyen.com
Renee Coleman,08467561457,"762 Mcknight Rapid Suite 142
New Jessica, UT 03459-3329",westjacqueline@gmail.com
David Rose,130.115.0592,"29341 Turner Plains Suite 043
Tommyhaven, NJ 07261",yodermeghan@yahoo.com
Jessica Ayala,404.145.3079x066,"407 Powell Lodge
Port Amandafort, NV 04147",chavezkevin@gmail.com
April Gomez,+61(7)2557117499,"51361 Haley Garden Apt. 285
New Maryville, ME 16558",ktucker@little-johnson.org
Toni Greene,02830851792,"79141 Linda Mill
Monicachester, NJ 61121",swilliams@bradley.com
Allen Rivas,394-152-8584x3822,"8731 Hernandez Burgs
New Ruthville, FL 19553-2966",nicholsonamanda@gmail.com
Jason Baker,01045931249,"877 Armstrong Court
West James, MD 67872",manuelarcher@walter.com
Tina Hodges,(864)012-0117x4587,"32486 Wilson Pines Apt. 783
Carlaside, PA 99041-1976",joseph26@jenkins.com
Victor Torres MD,866-855-6672x6339,"USS Bullock
FPO AP 77722",sarahellis@cox.biz
Richard Solis,1-565-895-2429x6240,"52604 Gonzalez Harbors Suite 385
New Nicoletown, HI 27126",christinajohnson@yahoo.com
Pamela Sexton,02257440228,"965 David Cliffs
Woodburgh, OH 31936-1654",calebhicks@campos.org
Connor Clayton,+80(2)9754219911,"3161 Jennifer Estate
Smithmouth, MD 24893",amysanders@gmail.com
Joseph Lee,1-874-556-8654x588,"484 Benjamin Spurs
Ramosburgh, OH 83017",rhondatate@yahoo.com
James Carr,262.748.1573,"3369 Avery Burgs Apt. 049
South Peterport, AK 69472",lopeztracy@trujillo.com
Kayla Harris,(128)769-4683x11298,"0866 Perry Heights
East Christineville, CA 21603-3522",reneehunter@gmail.com
Jonathan Rice,574.545.8152x56373,"0822 Brown Ville
Port Joelhaven, NM 57225",josephnoble@yahoo.com
Anthony Mendoza,(818)460-7550x618,"11520 Smith Run Suite 475
Daughertyport, NH 72671",josephnguyen@campbell-wagner.com
Amanda Sandoval,338-346-8224x528,"900 Aaron Cove
Richardborough, TN 28122",jpetersen@hunter.com
Megan Lee,1-556-401-4369x48688,"2237 Sandra Alley
Jonathanstad, IN 35843",theresaknox@gmail.com
Thomas Glenn,803.786.9528x7480,"USS Lewis
FPO AA 24549",esawyer@ray.net
Doris Murray,(596)605-1913,"171 James Greens
West Heatherborough, NC 44919",sgiles@hotmail.com
Deborah Sellers,431-602-7638,"56646 Amanda Rue
New Beth, UT 67610",smithpamela@miller-miller.com
Steven Willis,02640726979,"895 Rachael Falls
Markfort, AR 96224",mitchellbrenda@hotmail.com
Terry Sparks,809.868.4216x41807,"7415 Castillo Flats Apt. 896
Lake Breannaborough, DC 11587",meganjackson@hotmail.com
Tyrone Lawson,07084502508,"988 Andrew Shores
Gregoryfurt, NH 39483",smithmeghan@fletcher.com
Frank Carlson,414-128-0694x0144,"11211 Kristen Stravenue
Jenniferburgh, GA 55793-1079",gmartinez@hotmail.com
Nicholas Stout,187.704.5467x45816,"Unit 7416 Box 8405
DPO AE 76641-2218",sherrera@stewart-taylor.com
Karla Lynn,107-241-5999x6005,"PSC 3719, Box 4302
APO AP 68029-0040",jeffery72@gmail.com
Jennifer Lee,(853)574-6659x10486,"4274 James Wells
Lake Bryan, NJ 83857",michaellopez@yahoo.com
Kevin Preston,(358)986-8934,"0517 Torres Spur Apt. 197
Moorefort, MA 06125",tiffany04@cunningham-thompson.com
James Smith,+70(8)3926914851,"Unit 5693 Box 1340
DPO AE 73758-1680",lburns@yahoo.com
Wesley Marquez,08392371106,"701 Crane Corner
New Amy, MI 85126",mark85@gmail.com
Amanda Soto,00986690355,"70884 William Route
Jamietown, CA 69868-6020",kjones@yahoo.com
Monica Cline,06549171443,"5538 Newton Road
Stevenburgh, WV 90944",edavidson@hotmail.com
Jessica Brooks,(561)703-7571x895,"541 Joseph Spur
North Julianville, FM 16889",solson@nixon-elliott.com
Megan Walters,(433)946-7256,"1268 Hines Creek
Taylorstad, IA 06684-0650",leahgreene@yahoo.com
John Pineda,1-919-147-4408x327,"8633 Franco Crescent
Kleinland, DC 11785",martinezkelly@yahoo.com
Michael Hughes,(493)673-6971,"771 Miller Plaza Apt. 491
North Patriciaville, CO 21957-7777",richardpeters@yahoo.com
Valerie Byrd,+25(8)2776082088,"77371 Crawford Village Apt. 264
East Stevenstad, PA 85550",zpatel@rose-hall.net
Tanner Quinn,150-882-4633x572,"USNS Acosta
FPO AP 98306-9254",williamsdavid@hotmail.com
Anthony Wright,07223152462,"05039 Dawn Stream Apt. 938
Coopermouth, MS 02561-5428",qpitts@richards.com
James Williams,(859)499-9888x81925,"86339 Shane Rapid Apt. 803
Millsberg, GU 74592",stephaniedunn@wagner.org
Peter Smith,00586535162,"52034 Andrew Mountains
North Anthonyburgh, NE 69006-0924",gthomas@marquez.com
Theresa Montgomery,338.273.0178,"USS Fischer
FPO AP 95648-5714",steven15@yahoo.com
Joseph Brown,375-640-8035x2753,"010 Stephens Mission
Hoffmanview, AL 85748-1872",dylanferrell@gmail.com
Gregory Tate,1-051-056-5752,"556 Nash Vista Apt. 464
Harringtonland, MI 07864",hendersonjamie@lopez.com
Mrs. Laura Edwards,1-354-070-0232x5992,"56540 Harris Lane
Lindseyville, MT 76928-4012",qwhite@yahoo.com
Morgan Dickerson,1-740-482-4600x269,"649 Hall Valleys
Port Elizabeth, FL 26799",qjames@adams.biz
Lisa Morales,064.626.9501,"31268 Maria Estate Apt. 958
Duarteborough, AR 23202-6118",yjenkins@gmail.com
Michael Hubbard,06187071061,"345 Hector Row Suite 970
Simpsonland, AL 52071-1099",olsonjennifer@gmail.com
Dustin Boyd,(135)674-7223x7030,"6031 Cheryl Square Apt. 719
Lake Ashley, MN 94152",angela89@gmail.com
Maria Cole,871.606.0332,"5593 Burns Common Apt. 220
East Lisa, IN 47629-1426",sharonmiller@hotmail.com
Tamara Wilson,140.697.5783x9557,"01179 Shaw Motorway
Torresstad, OK 40142",robertsonryan@cooper.biz
Thomas Kane,1-570-654-1029,"844 Gray Landing
Stewartside, IA 59340-7000",christopher83@graham.net
Robert Morales,+21(1)6282829323,"57099 Mcdonald Bridge Apt. 702
Amytown, MI 58465-6041",amanda73@griffin.com
