id,name,mobile_number,email,date,comments
,arun,9444532122,guru@gmail.com,2018-09-29 05:30:00,very good
,guru,9444532122,guru@gmail.com,2018-09-29 05:30:00,very good
,lasttry,9444532122,guru@gmail.com,2018-09-29 05:30:00,very good
,lasttry,9444532122,guru@gmail.com,2018-09-29 05:30:00,very good
,lasttry,9444532122,guru@gmail.com,2018-09-29 05:30:00,very good
,lasttry,9444532122,guru@gmail.com,2018-09-29 05:30:00,very good
,lasttry,9444532122,guru@gmail.com,2018-09-29 05:30:00,very good
,lasttry,9444532122,guru@gmail.com,2018-09-29 05:30:00,very good
,lasttry,9444532122,guru@gmail.com,2018-09-29 05:30:00,very good
,lasttry,9444532122,guru@gmail.com,2018-09-29 05:30:00,very good
,lasttry,9444532122,guru@gmail.com,2018-09-29 05:30:00,very good
,lasttry,9444532122,guru@gmail.com,2018-09-29 05:30:00,very good
